{"eta_seconds": 44137.9726478898, "iteration": 19, "lr": 0.00019981, "time": 0.6792547345012281}
{"iteration": 20, "lr": 0.0002098, "time": 0.6733831630008353}
{"eta_seconds": 43755.09116546828, "iteration": 21}
{"eta_seconds": 38133.629769016225, "iteration": 19, "lr": 0.00019981, "time": 0.5868517969993263}
{"iteration": 20, "lr": 0.0002098, "time": 0.5944001360003313}
{"eta_seconds": 38622.932037029525, "iteration": 21}
{"eta_seconds": 36087.37642931057, "iteration": 19, "lr": 0.00019981, "time": 0.5553612870007782}
{"iteration": 20, "lr": 0.0002098, "time": 0.5549822440007119}
{"eta_seconds": 36061.63625067826, "iteration": 21}
{"eta_seconds": 40623.24551519396, "iteration": 19, "lr": 0.00019981, "time": 0.6251653665003687}
{"iteration": 23, "lr": 0.00023977, "time": 0.7268412835001072}
{"eta_seconds": 46833.076782536635, "iteration": 24}
{"iteration": 1, "lr": 1.999e-05}
{"eta_seconds": 25243.859235544987, "iteration": 19, "lr": 0.00019981, "time": 0.38848659950053843}
{"iteration": 25, "lr": 0.00025975, "time": 0.39240903300014907}
{"eta_seconds": 25509.142571348624, "iteration": 26}
{"eta_seconds": 27358.777981033654, "iteration": 19, "lr": 0.00019981, "time": 0.4210338255006718}
{"iteration": 27, "lr": 0.00027973, "time": 0.42059746900031314}
{"eta_seconds": 27326.638158419344, "iteration": 28}
{"eta_seconds": 39000.52434255151, "iteration": 19, "lr": 0.00019981, "time": 0.6001927414981765}
{"iteration": 23, "lr": 0.00023977, "time": 0.6001927414981765}
{"eta_seconds": 38997.52337884402, "iteration": 24}
{"eta_seconds": 31380.620567651258, "iteration": 19, "lr": 0.00019981, "time": 0.4829273710010966}
{"iteration": 20, "lr": 0.0002098, "time": 0.48222080600135087}
{"eta_seconds": 31333.743532355777, "iteration": 21}
{"eta_seconds": 31855.087600287898, "iteration": 19, "lr": 0.00019981, "time": 0.49022911049996765}
{"iteration": 31, "lr": 0.00031968999999999997, "time": 0.4863507589998335}
{"eta_seconds": 31671.58661150313, "iteration": 32}
{"eta_seconds": 31740.605218988312, "iteration": 19, "lr": 0.00019981, "time": 0.4884673010001279}
{"iteration": 22, "lr": 0.00022977999999999999, "time": 0.4884673010001279}
{"eta_seconds": 31730.341374252428, "iteration": 23}
{"eta_seconds": 91230.89903419223, "iteration": 19, "lr": 0.00019981, "time": 1.4039842879992648}
{"eta_seconds": 91229.49504990423, "iteration": 20}
{"eta_seconds": 31937.759444990115, "iteration": 19, "lr": 0.00019981, "time": 0.49150137650030956}
{"iteration": 22, "lr": 0.00022977999999999999, "time": 0.49127285050053615}
{"eta_seconds": 31915.571186397778, "iteration": 23}
